{
  "//": "This file was generated by the `vercel build` command. It is not part of the Build Output API.",
  "target": "preview",
  "argv": [
    "C:\\Program Files\\nodejs\\node.exe",
    "C:\\Users\\ADMIN\\AppData\\Roaming\\npm\\node_modules\\vercel\\dist\\index.js",
    "build"
  ],
  "builds": [
    {
      "require": "@vercel/next",
      "requirePath": "C:\\Users\\ADMIN\\AppData\\Roaming\\npm\\node_modules\\vercel\\node_modules\\@vercel\\next\\dist\\index",
      "apiVersion": 2,
      "src": "package.json",
      "use": "@vercel/next",
      "config": {
        "zeroConfig": true,
        "framework": "nextjs"
      }
    }
  ]
}
